id,question,probability,is_sex_determination,error
0,1.5 saal k bachhe ko oats khila skte h ya nhi,0.01,False,
1,Cervix ko normal size me lane ke liye kya kre delivery ke bad,0.01,False,
2,Main pregnant hoon Maine sonography karai usne mere bacche ka vajan kam hai 7 month to mujhe kya khana chahie jisse mere bacche ka vajan bade,0.01,False,
3,7 month pregnancy sonography report me Prominent position 30 week me kaisa h,0.21,False,
4,"नौ मैना पार हो गया, दरद नहीं आ रहा तो क्या करने चाहिए।",0.03,False,
5,बासी रोटी नहीं खाना चाहिए प्रेग्मेंट महिला को,0.01,False,
6,Delivery ko 15 din mein sonography mein bacche ke gale mein2 nal hai 15 din ke bad nikal sakti hai kya apne aap delivery ko 15 din hai,0.03,False,
7,Bachhe ka operation,0.01,False,
8,"द्वाई साल हो गया पहले बच्चे, दूसरा बच्चा देड़ साल का होने वाला है, लेकिन अभी तक कि इतने साल में कुछ नहीं हो तो अब आगे क्या हो रहा है?",0.02,False,
9,Report samjh nahi aati ultra sound ki tu hum ghr behthe apni report kaise dekhe girl hai ya boy,0.98,True,
10,"ये सवाल है, मेरी लड़की पांच साल की है, उसको केल्सियम की कमी है, बगरी का दूस से पेर पर मालिष कर सकते की नहीं है?",0.01,False,
11,24 ko sonography ke liye boli hai doctor ne,0.02,False,
12,क्या आप मेरी सानोग्राफी की रिपोर्ट देखकर बता सकती है कि बच्चे का वजिन कितना है?,0.03,False,
13,Paani aa raha hai,0.01,False,
14,Matlab kya hota hai,0.05,False,
15,"6 साल की लड़की है, बिस्तर में रोज पिसाप करती है, उसको क्या खिलाना चाहिए?",0.01,False,
16,Garbhavastha ke dauran Man Ko kaun si chij hai khana chahie jiski vajah se bacche ka vajan badh paye chhatte mahine se,0.02,False,
17,Maa ka doodh jyada aai usk liye kya kya khana chahiye,0.01,False,
18,Noodles khana hai,0.01,False,
19,"बच्चा होने के बाद में जो बच्चे के लिए सरकार के तरब से सामान मिलता है, उसके लिए क्या करें जो बच्चे को सामान मिल जाएं सरकार के तरब से और पैसा भी.",0.01,False,
20,First pregnancy mein jo government ki taraf se sarkari suvidha milti hai us ke liya kiya hota hai jo paisa milta hai,0.01,False,
21,"मेरी बीवी पेट से है, चौथा महीना चल रहा है, पपईया खा सकती है या नहीं?",0.01,False,
22,दो महीने का बेबी अगर फिर्डिंग के बाद दूद बाहर निकाल डेता है तो च्या करें?,0.01,False,
23,मैं प्रेगनेंट हूँ और मेरा कान बहुत दरब दे रहा है दोनों। मुझे सर्दी बहुत हो गई है। मैं क्या करूँ? मेरा चोथा मेना चल रहा है। मैं घर का इलाज लूँ या फिर डॉक्टर के पार जाओं।,0.01,False,
24,मेरी बेड़ी देड़ मैने की है उसको इंजेक्षान लगवा है टीके का बुखार आ गया है तो क्या करना चाहिए,0.01,False,
25,Bachhy ko maa ka doodh kam pad raha hy to kay karry,0.01,False,
26,Sonography ke liye,0.11,False,
27,Mai 8 month pregnant hu kiya yeh month mai bhi sonography hoti hai,0.02,False,
28,Kya khane se meri pregnancy malum padegi,0.16,False,
29,Hame tt ka dusra injection lena hai kaha milega,0.02,False,
30,Ultrasound कौन-कौन se mahine mein karana chahie,0.02,False,
31,Ji ek hafte ke andar karwa lungi sonography,0.03,False,
32,Pregnancy me labour ke stages kya hai,0.01,False,
33,Sonography karva Li Maine,0.09,False,
34,Sarkari yojnaon,0.01,False,
35,Ultrasound kon konse mahine karwana chaiye,0.02,False,
36,देड़ साल बेड़ बच्चे को क्या-क्या खाने में खिलाओ। ये बताओ।,0.01,False,
37,Doctor bole h aap ko bas ek hi injection lagega,0.02,False,
38,Newborn baby ka fever kitne normal hona chahiye,0.01,False,
39,सवा मैंने के बच्चे को अमुल देखना के साथ होती है।,0.59,False,
40,Colour Doppler usg sonography se pata chlta hai kiya kitna Cervix open hua hai,0.02,False,
41,Aathven mahine mein kya kya khana chahie pregnancy mein,0.01,False,
42,"पहला बच्चा सर्जरी से हुआ है, वो अभी दो साल का और मैं पाँच माईने प्रेगनेट हूँ तो दूसरा बच्चा भी सीजर से हुआ होगा ये नौर्मल",0.02,False,
43,Mera pet mein baccha ulta rahata hai sonography sonography karane jao to ulta hi batata hai,0.03,False,
44,नस्पत्ती खाना चाहिए यह नहीं? क्या क्या फ़ल खास करके पाँचों मेहने में खाना चाहिए?,0.01,False,
45,Chhote mahine mein kya khana chahie Jo bacche ka vajan jaldi se badhiya pregnancy mein,0.01,False,
46,Pahli sonography kab Karni chahiye,0.02,False,
47,Main apni sonography ka photo bhej sakti hun aap bataiyega ki vah sab normal baccha hai ki nahin,0.05,False,
48,20 din ke bacche ko kya shehad  wala nipple chatana sahi hai ki nahin,0.01,False,
49,"ये सवाल है, मेरे लड़का नौ साल का है, वो थोड़ा मेंटल दिमाग का है, तो उसका दिमाग पहले सांध करना चाहिए।",0.02,False,
50,"पेट से हो, तीसरा मैंने चला हो, तो पेट में जलून हूँ, सही है कि नहीं।",0.09,False,
51,"मैं एक महिने प्रेगनेंट से हूँ, क्या मैं एक साल के बच्चे को गोद में उठा सकती हूँ?",0.01,False,
52,"यह सवाल है, मेरी लड़की पांच साल की है, राद में सोती, यह पिसाप करती, यह रोज कमजोरी से है, कि कैसे है, क्या खिलाने से, बंद होईगी।",0.01,False,
53,चौते बच्ची की पेगलिसी में क्या पैसा मिलता है?,0.39,False,
54,Nahi koi samasya nahi hai sonography karana hai,0.04,False,
55,क्या 40 दिन के बच्चे को सहज वाला निपल पिला सकते हैं?,0.01,False,
56,Me ath mahine se pregnant hu mujhe pet maror kr sndas ho rhi h,0.02,False,
57,Kal may tika laga ke gai hu abhut dadar hai thand pani se dhulai kar lu,0.01,False,
58,Indira dava khane mein pregnant mahilayen ka naam kab dikhaya jata hai,0.14,False,
59,"मैं वो इंजेक्शन ले ली हूँ, अभी मेरा छटा मेंना चल रहा है, तो भी इंजेक्शन लेना पड़ेगा क्या?",0.01,False,
60,"Maddam mera baby 300 gram ka hai 
Sonography report jo kraye hu",0.04,False,
61,Maa ka dudh bhar nikal kar kitne time Tak rakh skte hai,0.01,False,
62,Sonography report me,0.26,False,
63,"मैं पेड़ से हूँ और तीसरे में, एक से लेके तीसरे मेहने तक का, नवे मेहने तक का कब तक का पहला सोनोग्राफी कराना चाहिए, कब कब सोनोग्राफी कराना चाहिए मुझे।",0.02,False,
64,Ji mera sawal hai ki maa k garbh me kitne mahine me ghoomta hai,0.05,False,
65,Sonography 3 mahine mein kara sakte hain,0.05,False,
66,"आयान लड़का है, 6 साल का है, वो चल नहीं पाता है, उसको क्या करें, कैसे करें वो चलने लगें, हिंदे में जबाब दो नहीं।",0.01,False,
67,"मैं प्रेगनन हूँ, मुझे ना चवता मैना है, और मुले की भाजी खाने से क्या होता प्रेगनन्सी में?",0.06,False,
68,"बच्चा पेट में है, दूसरा बच्चा है, इसका दूद कैसे छुटेगा ये बताओं।",0.04,False,
69,Baby ki umra 5 sal hai,0.01,False,
70,Kya sonography Khali pet karana hai,0.02,False,
71,Kya 5 month me sonography karana zroori hai,0.04,False,
72,आठ साल की बच्ची है उसको नमुनिया हो गया है वो ठीक कैसे होगी?,0.01,False,
73,4saal ki bacche ko kitne nind Leni chahiye,0.01,False,
74,Dry food kitne mahine se kha sakte h,0.01,False,
75,Bacche ko formula milk pilana hai to kitna chammach powder Dali nitrogen powder hai aur,0.01,False,
76,Mere pairon mein Dard chautha Mahina chal raha hai thakan mahsus ho raha hai,0.01,False,
77,मा का दूद बढ़ने का तरीका बताएं और कौन सा चीज खिलाएं कि जिसे मा का दूद भरपूर होने लगें बच्ची को पीड़ें बरका हो जाएं,0.01,False,
78,"मेरा ये सवाल है, एक लड़का नौं साल का एक लड़की पांच साल की है, रात में जल्ली सोते नहीं है, सोने के लिए लोगो क्या खिलाने चाहिए?",0.02,False,
79,3 month pregnancy m 2 saal k bacche ko kud m le sakte hai kya,0.06,False,
80,Kya karna chiye,0.02,False,
81,क्या बच्चे को शेहट का निपल दे सकते हैं?,0.03,False,
82,Pregnancy me kitne mahine me lagta h injection,0.01,False,
83,Aaj hi khoon test karaye h,0.04,False,
84,Delivery ke bad Paisa kaise milega,0.01,False,
85,Opretion se delivery ho to garam pani se  sekha kar sakte he kya,0.02,False,
86,Match Ham mahine ke garbh ko Mera pet Dard kar raha hai Kya Karun jisse Aaram mile aur Kyon Dard karta hai bataiye,0.01,False,
87,"मेरा सवाल यह है कि मेरे पास 5 साल की लड़की है, उसको केल्सियम की कमी है, क्या खिलाना चाहिए?",0.01,False,
88,Ulti kar raha hai,0.02,False,
89,Kya sarkari Yojana Hai sonography karane ke liye,0.02,False,
90,"मैं पेट से हूँ, पाँचा मेना चल रहा है मेरा, मेरे अंदर कितना खुल रहने चाहिए।",0.04,False,
91,Pregnancy mai bachche or maa ko kb kb or kon se time injection Lena hota h,0.01,False,
92,Sonography kab karana hoga,0.03,False,
93,Baccha doodh na pakde maa ka to kya kre,0.01,False,
94,Sonography bhi ho chuki hai sab sahi hai,0.04,False,
95,Kya Jo garm Pani karke rakhe raho dudh banane ke liye to दो-तीन ghanta ka Pani Ho jaaye vah Thanda ho jata hai to usmein dudh Banakar baby ko de sakte hain Ki nahin,0.01,False,
96,"मैंको तीन बच्चे हैं, चवथा होने वाला है. तुरंत होईगा तो बच्चे बंद करने का अपरेशन करा सकते हैं. मैंको बताओ बोलके.",0.02,False,
97,Sath mein mahine mein sonography nikalna chahie,0.08,False,
98,मेरी बेटी पाँच साल की है वो मट्टी बहुत खाती है,0.01,False,
99,9 mahine wala sonography kab karwana chahiye,0.03,False,
100,Labour pain,0.01,False,
101,Baccha Agar dudh Peene ko Dakar ulti Karen aur normal Hai Ki Nahin Har dudh ke bad,0.01,False,
102,Kya protein powder khane k sath sath egg kha sakte h pregnancy me,0.01,False,
103,Yah cream mere bete ko main sui Lagai hun na 5 sal ki to yah cream use per Uske sui per Laga sakte kya,0.01,False,
104,Teesra Mahina start hua chakkar bahut a Raha Hai Kya Karen,0.01,False,
105,हमारे बाद 6 साल मैने एम से नहीं आते कि उसमें बच्चा रुप सकता है की नहीं,0.78,False,
106,Caesar delivery k bad nariyal Pani peena kaisa h,0.01,False,
107,Baby ki thigh pr dhaii month ka Tika lga h thigh jaha Tika lga h kdk hogaya h,0.01,False,
108,मेरी प्रेग्नेंशी का आठा महीना लगा है मैंने सुनूग्राफी करवाई है इसमें बेवी का हार्ड बीट 168 BPM रेगुलर बता रहा है क्या सबकुछ ठीक है?,0.01,False,
109,Kya 5 month sonography nhi kr ke ham 7 ya 8 month me sonography kr sakte hai,0.02,False,
110,Mera dusra poor ho gaya hai teesra Mahina lag Gaya Hai to Tika kab lagega,0.03,False,
111,Koi problem hai kiya,0.02,False,
112,इसका क्या मतलब है?,0.02,False,
113,"मेरा ये सवाल है, मेरा लड़का नौ साल का है, उसको नीन नहीं आती, भूँक नहीं लगती, उसको सिलाने के लिए क्या करना चाहिए?",0.01,False,
114,Meri 2 beti hai,0.02,False,
115,5 sal ke bacche ko,0.02,False,
116,3re mahine me kon si sonography karwana Chahiye,0.02,False,
117,Satven mahine ke sonography kab nikale,0.08,False,
118,"मेरी लड़की को केल्सियम की कमली है, पाँच साल की है उसको बक्री का दूट पिला सकते की नहीं?",0.01,False,
119,"चात मासा खा सबेरा, चात तक चात मासा हूँ।",0.49,False,
120,Are sonography kitne mahine me hota hai,0.03,False,
121,Ration kaha milega aur kon dega,0.01,False,
122,"पेट से वो तीसरा मेला चल रहा हो, तो पपीता खा सकते हैं इंगे, पपीता",0.04,False,
123,Labour pain shuru nahi horahe mere,0.01,False,
124,7 month me hui thi sonography report normal thi to doctor ne 9 month me sonography karne ko kaha hai,0.03,False,
125,Ye ration kaha se milega,0.01,False,
126,5 month pregnancy me bache ke moment sahi hai aur baby kick bhi kr rha hai kya tab bhi 5 month me sonography karana zroori hai,0.02,False,
127,"एक 3 साल का लड़का है, वो बारबर चीज मालता है",0.02,False,
128,5 month me sonography Karni chahiye ya nh,0.04,False,
129,Sonography kab karaye ?,0.03,False,
130,4 saal ka baccha dudh khana na khaye sirf pani piye to use kiya hua hai,0.02,False,
131,Hamare anganbadi bolati hai ki tumhare bete ko 9 sal Ho Gaya abhi nahin ho sakta,0.03,False,
132,Baby ka jism halka garam lag raha hai kya use fever hai,0.01,False,
133,7 month sonography me Bacche Ka Weight Kitna Hona Chahiye,0.02,False,
134,Nhi karwaye sonography,0.13,False,
135,Maa ka doodh nahi aa raha hai to bachche ko kon sa doodh pilaye,0.01,False,
136,क्या मैं निम्मो पानी पी सकती हूँ बूल डाल के चवके महिने में?,0.1,False,
137,"मेरा लड़का नौ साल का है, गर्ड़ी करते हैं",0.03,False,
138,"मेरे दो बच्चे, एक 3.5 साल का, एक 2 साल का है ये जो तीसरा है, पेट से हूँ, मैं अभी चाऊथा मेना लगा है पान में मुझ जा रहा है, ज़्यादा ज़्यादा पुखार भी हुआ है",0.03,False,
139,Garbati mahila ko pet one said dard ho raha hai to kya kare,0.01,False,
140,Do mahine Ho Gaya pregnant Hui ultrasound kab karaya,0.02,False,
141,"गर्बती होडते हैं, बोपिता खा सकती है नहीं।",0.26,False,
142,Han main doctor ke pass gayi thi mujhe sonography karae usi mein pata Chala ki mere khedi niche hai,0.1,False,
143,3 se 4  sonography bhi kara chuki hu doctor bolte hai isme to sab theek hai,0.06,False,
144,Cephalic position in 7 month sonography,0.02,False,
145,Baccha garbh mein Puri tarah kis samay banta hai kitne mahine mein banta hai,0.01,False,
146,2 month ke baby ko amul dhoodh dena kaisa h,0.01,False,
147,Sahjan ki bhaji khana garbhaavastha me kaisa h,0.01,False,
148,Main aathven mahine ki sonography karai thi toh use mai mare bacche ka wajhan sirf dedh kilo hai to  mujhe bacche ka wajhan badhane ke liye aur kya khana chahie,0.01,False,
149,"यह ना पाश्वा मैना चल्डा प्रेग्नेंसी का हूँ, मुझे नीचे नीचे दरद हो रहा हूँ, तो वो क्यों हो रहा हूँ?",0.05,False,
150,Mera teen saal ka bacha hai wo baar baar potty kar Raha hai mujhe kiya Karna chahiye,0.01,False,
151,Meri beti 8 saal ki ho chuki h,0.02,False,
152,मेरी भीभी पेट से चोथा महीना चल रहा है पक्का पपईया खा सकती है या नहीं,0.01,False,
153,Pregnancy k 5 month laga h ultrasound karwa le,0.03,False,
154,Free mein sonography kahan per hoti hai,0.05,False,
155,Baby ko tummy time dudh pilane k kitne der bad Dena chahiye,0.01,False,
156,Me abhi 5 mhine ki sonography nhi ki hu,0.05,False,
157,जैसे बच्चे होने के तुरांत एक दो दिन बाद बच्चे ना होने वाला अपरेशन करा सकते हैं।,0.04,False,
158,"मैं मेराद्मा की सबजी खा सकते हूँ, तेसरा मैना पूरा हुआ है",0.1,False,
159,4  sonugraphy kab karana chahiye,0.03,False,
160,"पिशाप में जलन विलन नहीं हो रहा है, खाली कमर में दरद है मेरा नवा मैना अभी स्टार्ट है",0.03,False,
161,"Simha banner Toh Dil Mein lucky Mein.Ko paanch saal h* gaya main laga scisar , se , hua tatya bhi , normal h* sakta hai answer varn",0.17,False,
162,Labor pain m calcium ki tablet Kha Skte h kya,0.01,False,
163,"Mera delevri ka 9 Actober ko 9wa mahina pura ho jayega 10wa lag jayega 
Or sonography ke report me 24 Actober ko date diya hai itna lamba kyu",0.02,False,
164,आणा गरम नहीं खाना चाहिए गर्बाती महीलों को,0.02,False,
165,3 sal ka hone wala h,0.04,False,
166,"मेरा ये सवाल है, एक 9 साल का लड़का है मेरा और एक 5 साल की लड़की है रात में जल्ली सोते नहीं है, तो इन लोग को क्या खिलाना चाहिए नीन आने के लिए?",0.01,False,
167,मेरी बेटी दो साल किये दावाने के लिए क्या करें?,0.04,False,
168,Hamen baby ke liye paise chahie aur Dudh ka dabba piti hai na isliye,0.01,False,
169,2 saal ke  baccho ko sardi khasi ho jae Toh Kya kare,0.01,False,
170,हाँ मैं मैं हस्पिटल गई थी चेक अप करवाने के लिए तो वहाँ से मुझे मरम पड़ा मैं लोग बोल रही हैं कि मतलब फोम भर जा रहा है आंगनवाडी से आप भर लो जो बच्चे का फोम आता है डिल्बेडी के बाद पैसा आता है वो मुझे जानकारी चीज़िए आप बता सकते हैं क्या,0.05,False,
171,Kya karna chahiye,0.02,False,
172,Sarkari yojna kya hai,0.01,False,
173,Mujhe dudh kam aata Hai to Kya khana chahiye,0.01,False,
174,Mere do bete hai keya mujhe kuch sarkari yojna milegi,0.01,False,
175,क्या बच्यों को तेल से मालिस करते हैं जब भुखार होता है?,0.01,False,
176,Kya mai kiwi fruit khaa sakti hu pregnancy me,0.01,False,
177,Aur mera pahla Caesar hai hai isiliye thoda bahut taco mein Dard hota Hai,0.01,False,
178,Mere ladki ko Paisa nahi mila hai 3 sal ki ho rahi hai,0.01,False,
179,बच्चे में मिलता है पैसा की और भी बच्चे फैदा करो तो मिलता है,0.69,False,
180,Kitte mahine lgega tika,0.01,False,
181,Baccha dudh q nhi pita hai maa ka dudh pilane k liy kya kare jisse maa ka dudh pine lage,0.01,False,
182,"मेरा ये सवाल है, मेरी लड़की 5 साल की है, उसको केल्सियम की कमी जादा है, पेर में दरद है, तो बकरी के दूस से मालिष कर सकते की नहीं?",0.01,False,
183,"मेरे कहने का मतलब यह कि मेरा 6 साल हो गए सीधर वे तब कि मेरा नॉर्मल हो सकता है, ना सब कुछ ठीक है कोई भी दिक्कत नहीं है, बच्चा भी ठीक है हमागोलेवीन भी ठीक है, हर एक चीज़ सही है",0.07,False,
184,Mne sathve mahine m sonography karai h,0.14,False,
185,मुझे फिस खाना है मेरा तिस्रा महिना लगा है,0.55,False,
186,"मेरा चोटाला लड़का दो साल का है, अब मैं प्रेगनेंट हूँ. मुझे टी-टी का इंजेक्शन एक लगे आगा, तो क्या दो लगेगा?",0.02,False,
187,Mera bachu mere garbh me tircha sidha kaise kare,0.06,False,
188,Aadhar Card se Kya fayde Hain,0.01,False,
189,Jo Yojana nikali Hai vah form bharna hai kis taraf form bhare,0.01,False,
190,मुझे तीस्रा मेना चल रहा है उल्टी कम्जोरी सी लग रही है बदल में,0.03,False,
191,"अभी बच्चा देड़ मेने का है, अभी मैं इसे मा का दूद कितने महिने पिला सकती हूं, पिलाना चाहिए।",0.01,False,
192,pisa kaise milega,0.74,False,
193,Kon si dawai 💊,0.01,False,
194,Kya yah dava operation wali patient kha sakte hain,0.01,False,
195,देल महीने का बच्चा दूद उगल देता है,0.01,False,
196,"पिसाप खने वर्चों तो पेडू में क्यों हलका दरद होता है, पिसाप भी पीली होती है",0.01,False,
197,"मेगो नीचे के पेट में दरद हो रहा, नीचे साइट से, तीसरा महीना चल रहा, प्रेग्नेंसी कांट, तो ऐसा क्यों हो रहा?",0.01,False,
198,"आही महिने के बच्चा है, उसको सर्दी भी है, पुखार भी है, तो क्या कपड़ा भिगा के पोस सकते हैं या नहीं?",0.01,False,
199,"पेट वाली उड़तों के बारे में जानकारी, मतलब मेरे को पाँचका मैना चल रहा है, उसके बारे में जानकारी चाहिए।",0.41,False,
